t,x_L,x_R
0.0,1.0,6.123233995736766e-17
0.005,0.99133689679323,0.12466972877431723
0.01,0.9668284541139025,0.24727966683712138
0.015,0.9273501085622862,0.3660177773319813
0.02,0.8714623028218696,0.4780867172576812
0.025,0.800584810787492,0.5863367825057736
0.03,0.7184000104987299,0.6857109579051257
0.035,0.6239095397930197,0.7828513200766157
0.04,0.5218286427624933,0.8606742490969512
0.045,0.4081292191757384,0.9281040170774517
0.05,0.2829772703186949,0.9822167638119874
0.055,0.16445917331388787,1.0187429747774037
0.06,0.044613403655090256,1.034160465990077
0.065,-0.08295096294936168,1.0350817929922225
0.07,-0.20667714469514697,1.0291680955423896
0.075,-0.3349921017410337,1.0037093595137458
0.08,-0.44645881790914554,0.9585449388004194
0.085,-0.559751113990209,0.901020489248249
0.09,-0.6600176647122581,0.8236066751140756
0.095,-0.7541861512965706,0.736493783483691
0.1,-0.8308547664917292,0.6359009434997506
0.105,-0.9027745186033065,0.5257758986967095
0.11,-0.9540483946627368,0.4051679469531972
0.115,-0.9906909210641781,0.2863243714585762
0.12,-1.0161921948018962,0.16380622268366582
0.125,-1.0189097164670429,0.031194414863577102
0.13,-1.0034436742495998,-0.09357266978134601
0.135,-0.9728808388046992,-0.2229842777470792
0.14,-0.9300850577595757,-0.3560416605992457
0.145,-0.8724284792259903,-0.4825366378783074
0.15,-0.7994005203627297,-0.5942844027101362
0.155,-0.7163350170679359,-0.6953487503891526
0.16,-0.6166382982290475,-0.7920059796108626
0.165,-0.5006829037024382,-0.8734596165548494
0.17,-0.375274482372773,-0.9451876171425533
0.17500000000000002,-0.2576711800588347,-1.005236725760215
0.18,-0.12813273695615665,-1.045568633962589
0.185,-0.0014817781887196493,-1.063783175727308
0.19,0.13079477317423982,-1.0727712513829213
0.195,0.2638217597439158,-1.0576594167897864
0.2,0.3822446030299829,-1.03348534848377
0.20500000000000002,0.4970155027927241,-0.9908279633372669
0.21,0.6053152899494668,-0.9285588083565894
0.215,0.7059982786713848,-0.8614987523281692
0.22,0.7918935984680273,-0.7739772409614519
0.225,0.8726440663133755,-0.6773403516801892
0.23,0.9382596908459281,-0.5680010677051145
0.23500000000000001,0.9858224164877216,-0.4507087483504345
0.24,1.0091169120083667,-0.3256594606657653
0.245,1.0299674118349211,-0.1844690871518127
0.25,1.027365891851539,-0.04937959512469876
0.255,1.0071687320922225,0.09039965131849294
0.26,0.9739254923787706,0.22771586822030163
0.265,0.9253799025590399,0.3635733483498305
0.27,0.8642136006066506,0.4896038642500653
0.275,0.793805645721956,0.6150507118582952
0.28,0.7021668445216742,0.7272413612653884
0.28500000000000003,0.5985662482613516,0.8357858233783686
0.29,0.4867419673140728,0.9212067266086789
0.295,0.3684823974411838,0.9963326750913571
0.3,0.24422635402067777,1.0510149063186423
0.305,0.11326454594982853,1.0936580887259373
0.31,-0.016186867905878585,1.1208331801996818
0.315,-0.14649682768124855,1.124885379265958
0.32,-0.27801560488027416,1.1116936417134409
0.325,-0.4030240250402936,1.0840081252048408
0.33,-0.5236124712492146,1.037738233443564
0.335,-0.6381871272956585,0.9781502463497569
0.34,-0.7390779124569476,0.9048314982898
0.34500000000000003,-0.82368140874211,0.8132895170557167
0.35000000000000003,-0.8994222598343423,0.7107765781193992
0.355,-0.9655990126779024,0.5948831083912148
0.36,-1.0124084790222079,0.4685459162079614
0.365,-1.0337145010834665,0.33680653117993986
0.37,-1.0442909095785122,0.20036170194412986
0.375,-1.0397516728537013,0.05881878189784644
0.38,-1.018290871083999,-0.07821952650370072
0.385,-0.9757701068826162,-0.21428259376847258
0.39,-0.9283053135124896,-0.35392052044016326
0.395,-0.8630775486983135,-0.4879445060792514
0.4,-0.786828640582091,-0.6158184233000142
0.405,-0.6922967726350516,-0.7241148125287021
0.41000000000000003,-0.5914351714924537,-0.8325971868971266
0.41500000000000004,-0.4739582145172301,-0.9326417740689599
0.42,-0.3422817190106065,-1.0078054501433207
0.425,-0.21008479121236256,-1.0767336177093378
0.43,-0.07180200927185575,-1.1274571471882133
0.435,0.06978202841790826,-1.1600163868678202
0.44,0.20460762769265906,-1.171106466036562
0.445,0.34216400591586577,-1.1635801814195463
0.45,0.4719668237610385,-1.1435499314362658
0.455,0.5953927938500531,-1.094646093946138
0.46,0.7069634084812092,-1.037696276987566
0.465,0.8083580119663416,-0.9649033121489988
0.47000000000000003,0.9037735751284957,-0.8708042466849535
0.47500000000000003,0.9752845311291926,-0.7681505942454828
0.48,1.0309903382528682,-0.6526859703729413
0.485,1.0683453109341845,-0.526724297599772
0.49,1.0911919987074097,-0.39161442739494584
0.495,1.1026680480847335,-0.2578167981123307
0.5,1.0833030957402578,-0.11698572815289557
0.505,1.0584409074778058,0.031219138252941307
0.51,1.0089086168692234,0.1759150721927542
0.515,0.9398812136231552,0.30925006152519
0.52,0.8573909141868724,0.4477167643037733
0.525,0.7624407645179669,0.5812263340846846
0.53,0.6533769446430637,0.7009462782287046
0.535,0.5325367448369179,0.8110535266684631
0.54,0.41070286790815214,0.9109600866584027
0.545,0.2712060621923047,0.9929350302619251
0.55,0.12665817827385645,1.0573417833662997
0.555,-0.014526586883235106,1.1071378925328652
0.56,-0.14835586656130867,1.146604309644398
0.5650000000000001,-0.28410299384562254,1.1653341837619393
0.5700000000000001,-0.4161248010000795,1.1638054531814632
0.5750000000000001,-0.5455550395125489,1.1379533154992414
0.58,-0.6603964018204007,1.0991423878392461
0.585,-0.7704980874730571,1.0457489434920164
0.59,-0.8610439684149561,0.9795826387187144
0.595,-0.945249510192177,0.8865392630273147
0.6,-1.0110399022556504,0.792736386841757
0.605,-1.0621991290576607,0.6845314451597531
0.61,-1.0956339715532384,0.561451569724756
0.615,-1.1030084448121953,0.42848706939537257
0.62,-1.1012793248800126,0.28430901686177595
0.625,-1.0793558757735537,0.14071358147677612
0.63,-1.03935514556387,-0.010671098818759604
0.635,-0.9863340066907182,-0.15388296630645443
0.64,-0.9073740404286658,-0.29363682297399646
0.645,-0.8207690142463511,-0.4329701436529874
0.65,-0.7244927068794939,-0.5601326865186872
0.655,-0.6137807415642518,-0.6769741630469822
0.66,-0.5016880847553857,-0.7822536985068461
0.665,-0.3747970163940182,-0.8749082774708951
0.67,-0.24226383633011425,-0.9584595909442816
0.675,-0.10220948588497585,-1.0255973455449958
0.68,0.04072024506335862,-1.0751704595204035
0.685,0.18458548607969308,-1.102327481566949
0.6900000000000001,0.3208357172103299,-1.1187207402111181
0.6950000000000001,0.45569908496386935,-1.1179227971698114
0.7000000000000001,0.5826069987131361,-1.0984072223775123
0.705,0.6959107650681938,-1.0573831896986254
0.71,0.8055417956757693,-1.0053353514958507
0.715,0.8987034373267871,-0.9342280340085093
0.72,0.9702437483378974,-0.8540917857771233
0.725,1.0367020640419247,-0.7546615653468708
0.73,1.0840721450651893,-0.6452627037820192
0.735,1.117612648268378,-0.5281668858811441
0.74,1.129499104944476,-0.40140640540807115
0.745,1.1269995161430015,-0.2701195821513582
0.75,1.1058250636885403,-0.13016148794750002
0.755,1.0622293656440205,0.004795325407125697
0.76,1.0003933454476388,0.14202080182868645
0.765,0.9267872075756205,0.27685122336096624
0.77,0.837982745434387,0.40284620756580797
0.775,0.728548503576205,0.5339789919423293
0.78,0.6124245092886698,0.6479365617643316
0.785,0.48241465624992036,0.7552906602475197
0.79,0.350479122483512,0.8566290146409183
0.795,0.20385178442751517,0.9375335386253325
0.8,0.060433440092310366,1.006370320280187
0.805,-0.08833469546019522,1.066742780110813
0.81,-0.23904091967181845,1.1051529138702523
0.8150000000000001,-0.38145883798794483,1.1253187084495218
0.8200000000000001,-0.5135974468368646,1.1265274619233339
0.8250000000000001,-0.6445549849216133,1.1089917624696526
0.8300000000000001,-0.7598191871176515,1.0760593577704958
0.835,-0.8689830467160619,1.0270885865557655
0.84,-0.9590765233489287,0.9681589565704343
0.845,-1.037572705457634,0.8876155347781921
0.85,-1.0944578860070744,0.8008199644428458
0.855,-1.1410744710850353,0.7025007931097164
0.86,-1.1776443891724881,0.5896256891939297
0.865,-1.1823671527372317,0.4673703688299314
0.87,-1.1596013225859525,0.3342420428300911
0.875,-1.131150112479967,0.19223805666435786
0.88,-1.0756040430958387,0.05729602119301924
0.885,-1.0042777270411134,-0.08261580157903771
0.89,-0.9244929663107109,-0.22244004481097548
0.895,-0.8245762034291999,-0.362223535416579
0.9,-0.7137292425971444,-0.4872209740892751
0.905,-0.5898266476214435,-0.6181047618193163
0.91,-0.454460503130144,-0.7322440771144675
0.915,-0.3057401861709357,-0.8414095107168652
0.92,-0.1541356503289209,-0.9284896325920061
0.925,-0.006651919678145974,-1.0046927724942334
0.93,0.1503726645573338,-1.06066041442392
0.935,0.3068332639692295,-1.1022606218276123
0.9400000000000001,0.44894017598564145,-1.1269785471959834
0.9450000000000001,0.5851899920341915,-1.138927402664454
0.9500000000000001,0.7149033232874795,-1.133433203167089
0.9550000000000001,0.8274524278693163,-1.1100934645214304
0.96,0.9270421899467438,-1.0629242941147534
0.965,1.0123102239189932,-1.0059359048110899
0.97,1.0788190348843192,-0.9307734592214616
0.975,1.1375493236290068,-0.8377973385141267
0.98,1.1741924939272184,-0.7345166522453362
0.985,1.1847848746404486,-0.6189456048660064
0.99,1.1794428724569672,-0.4945339555646129
0.995,1.1539956524257002,-0.3588524231669884
1.0,1.1152976465066748,-0.21769990886229554
1.0050000000000001,1.0486479884280322,-0.0713554268222703
1.01,0.9670663738804489,0.07236296114415469
1.0150000000000001,0.8745237586675747,0.21368248567132578
1.02,0.7715284944853642,0.3570012144341128
1.025,0.6535046032907147,0.4869307457887383
1.03,0.5280822324467321,0.6172467276822751
1.035,0.38660787823499665,0.7362934104694837
1.04,0.24569937620466878,0.8469076678508269
1.045,0.09021889563985598,0.9387787297800431
1.05,-0.06002761296786848,1.021744445357378
1.055,-0.21557101917991586,1.0839782951005992
1.06,-0.3661131134295336,1.1285203406220183
1.065,-0.49673279349632676,1.154640798063432
1.07,-0.6258305770499856,1.166032961679077
1.075,-0.7465898064604117,1.156454940313193
1.08,-0.8526916463518065,1.1226183465232893
1.085,-0.9476523222581593,1.0799843838842376
1.09,-1.0306865844762687,1.0141264897191364
1.095,-1.0905198095048891,0.9378097654236447
1.1,-1.1321998843058019,0.852863652350912
1.105,-1.1576180855713267,0.7456830384026488
1.11,-1.1583396403363089,0.6283007990717159
1.115,-1.1441095806580008,0.5083584382002888
1.12,-1.1119390001576661,0.37683686657390886
1.125,-1.0659549025804385,0.2395045448634895
1.1300000000000001,-1.0076484202355642,0.09334153553671115
1.135,-0.93335629160479,-0.05318406891102471
1.1400000000000001,-0.8365760224465968,-0.19928318776802956
1.145,-0.7262244256942464,-0.34176446200877847
1.1500000000000001,-0.5995915050892949,-0.4772780067942427
1.155,-0.46558920503340256,-0.6037425807991411
1.16,-0.3301599742961284,-0.7222416564406555
1.165,-0.18558677129656004,-0.8324008237942248
1.17,-0.04202400114039618,-0.9275122958665609
1.175,0.1048149995175667,-1.0100771340041546
1.18,0.25416749883825834,-1.0733157766550494
1.185,0.3968779642377884,-1.119757529908955
1.19,0.5353466309143954,-1.1419722758389073
1.195,0.6555317190801948,-1.1589935891314458
1.2,0.7722616237401841,-1.1449645768453356
1.205,0.875736260771962,-1.1234063994525822
1.21,0.9728823839142788,-1.0873895554507245
1.215,1.0468811750679634,-1.0335594605857672
1.22,1.1085621805323396,-0.9685129780033293
1.225,1.151525762502486,-0.8780231565365388
1.23,1.1782896660157738,-0.7780430825089938
1.235,1.1807965651938446,-0.6640712059314554
1.24,1.1651133354933083,-0.5406809739570124
1.245,1.129329489481034,-0.4073303265091964
1.25,1.0782266223348187,-0.2644243166688426
1.2550000000000001,1.0091680690919078,-0.11780158443269614
1.26,0.9257716548836679,0.02514557546845967
1.2650000000000001,0.8241319426869355,0.17495609578130292
1.27,0.7104035993212173,0.3103331602031887
1.2750000000000001,0.5808810459228736,0.4499583904364257
1.28,0.44891876071671866,0.581455692324744
1.285,0.30512980384841837,0.7059385649684004
1.29,0.16122976725343374,0.8220289530223046
1.295,0.008186218197380435,0.9213921937508853
1.3,-0.14763151718912285,1.006427579080473
1.305,-0.2940285434738109,1.0760812252823646
1.31,-0.4375183112990439,1.1275887921037369
1.315,-0.5774806010262323,1.1677142358024781
1.32,-0.7122737616748617,1.1857127273241872
1.325,-0.8340312555375589,1.185244013023067
1.33,-0.9370679297334442,1.1711448913386397
1.335,-1.028545876385427,1.1328916167381682
1.34,-1.0961448004548398,1.0805528004721265
1.345,-1.143915927006042,1.0121136462485378
1.35,-1.1786713388746155,0.9194059600319595
1.355,-1.1964847422960627,0.8139457518098542
1.36,-1.1960430001438203,0.6981531670644072
1.365,-1.1722523579042035,0.5694788898058416
1.37,-1.1336771619352284,0.43594544012613695
1.375,-1.071951699640255,0.29915046282593366
1.3800000000000001,-0.998976719807034,0.15866592568206953
1.385,-0.9053204631622398,0.010491448164010944
1.3900000000000001,-0.7982733375310485,-0.1324713291598274
1.395,-0.6714449161617293,-0.27580459210221414
1.4000000000000001,-0.5455371318531598,-0.4172521787294162
1.405,-0.4030501588343735,-0.5482190909684579
1.41,-0.2533260655882783,-0.6719801331201755
1.415,-0.10153150897127283,-0.785303377243248
1.42,0.052151405186621966,-0.8911073046419966
1.425,0.20488334327536667,-0.9822123604508756
1.43,0.35554947921590774,-1.058759821586064
1.435,0.49544440495916925,-1.1131198172304584
1.44,0.6346134467650636,-1.1507791139890724
1.445,0.762316359077741,-1.168020429612349
1.45,0.8739942785649822,-1.1731373773278857
1.455,0.9782929811449059,-1.157740354727228
1.46,1.0617993849177818,-1.1275878326555617
1.465,1.1270405802550678,-1.0809998923261241
1.47,1.174660244335266,-1.008085955043914
1.475,1.2031428129394766,-0.9219080187328554
1.48,1.2201017146273643,-0.8252112155313913
1.485,1.2134737443765753,-0.7160860558124401
1.49,1.1840892732338786,-0.5855570193106451
1.495,1.1371200733065943,-0.45265370405849414
1.5,1.0703263521474566,-0.3099711282691141
1.5050000000000001,0.9868609177968769,-0.16317537380750194
1.51,0.8927595470399562,-0.01610405740558887
1.5150000000000001,0.7801901903989453,0.1310451313391876
1.52,0.6516097047888322,0.2809973726893366
1.5250000000000001,0.5176506649748182,0.4242895768488161
1.53,0.3689993919254089,0.559067041708988
1.5350000000000001,0.22028989403976848,0.6798047250577587
1.54,0.0645241683539361,0.7912799989349372
1.545,-0.09308404411360675,0.892063170414745
1.55,-0.245600964798753,0.9864536001928852
1.555,-0.397690503215972,1.060665579397024
1.56,-0.5411123706820472,1.1228510110303063
1.565,-0.6686037561883926,1.1567988430617295
1.57,-0.7866554433322097,1.174639197924905
1.575,-0.8964434397094746,1.1802069398048856
1.58,-0.9963509921578554,1.16991316179442
1.585,-1.0765956202463105,1.1325702279020762
1.59,-1.132677046624841,1.0828611497373875
1.595,-1.181509540442638,1.0066817958670944
1.6,-1.2081905305048406,0.923446067278985
1.605,-1.2146203242895908,0.831382639557807
1.61,-1.2044948434116902,0.7280052475185103
1.615,-1.1693140083092195,0.5999835125216796
1.62,-1.1179181851031132,0.4761907965541208
1.625,-1.055826570378594,0.3353139335864236
1.6300000000000001,-0.976236678665139,0.18609045142136918
1.635,-0.8748885474945958,0.041300256003606046
1.6400000000000001,-0.7541687522081557,-0.11729420676049504
1.645,-0.6251976131990606,-0.2684380130358515
1.6500000000000001,-0.48254453856975116,-0.4084030607309798
1.655,-0.33194291073416565,-0.5480132365980909
1.6600000000000001,-0.17817027326584223,-0.6771729948050762
1.665,-0.02154421860399066,-0.7976073143000235
1.67,0.12815138985671762,-0.9027932647772151
1.675,0.28176959100435955,-0.9976509612799788
1.68,0.43194525532186606,-1.0667892468407547
1.685,0.5727619379485773,-1.1226277224961738
1.69,0.7040625183486132,-1.1608849632266407
1.695,0.8192910488040976,-1.1800153312184227
1.7,0.9323286621146367,-1.1830899360974372
1.705,1.0232765577956802,-1.1614832090597977
1.71,1.1005179620643362,-1.1259477733885
1.715,1.1567662062373028,-1.0692437376664035
1.72,1.1990427464587208,-0.9993414611468492
1.725,1.2151263859703432,-0.9193687696841617
1.73,1.2152649275046752,-0.8238788732498827
1.735,1.1931106388131818,-0.7098182657286434
1.74,1.1580041628177253,-0.5825144140707155
1.745,1.1019302388527972,-0.44594144178107126
1.75,1.031234349901998,-0.30721521632176285
1.7550000000000001,0.9404988516478164,-0.16704446978878315
1.76,0.8371437944308883,-0.018371544429701993
1.7650000000000001,0.7210983911056725,0.13593924994166082
1.77,0.5894227367518233,0.28195979288007683
1.7750000000000001,0.4486045643029121,0.42538097078407905
1.78,0.3041539059067271,0.5641305926787173
1.7850000000000001,0.1523712590474479,0.6955579682363633
1.79,-0.0021309190294699853,0.8113019793761489
1.795,-0.16075606901045808,0.9149578158591913
1.8,-0.31617367704118216,1.0078857304003874
1.805,-0.4553651991899409,1.0789131217439492
1.81,-0.5958952652615332,1.1306729942850129
1.815,-0.7308468445762424,1.172140722082155
1.82,-0.855284450597707,1.1935397836707098
1.825,-0.9662155718299363,1.1953291543428863
1.83,-1.057186424479445,1.1800231365455547
1.835,-1.1371319647351132,1.1424432470122972
1.84,-1.1920400333639576,1.0912101035138972
1.845,-1.2221001427247267,1.0155054641091774
1.85,-1.2388489009203694,0.9340909365346914
1.855,-1.230777369545293,0.8350518537981039
1.86,-1.2107013193908915,0.7165666395840576
1.865,-1.1661620565373196,0.59329115832735
1.87,-1.1016907408055867,0.4553213823610732
1.875,-1.0308064042225782,0.3120906141005335
1.8800000000000001,-0.9386008726244881,0.15771918270948407
1.885,-0.8250262657538009,0.010179761104838689
1.8900000000000001,-0.7040871310779202,-0.14367183238447107
1.895,-0.5660407156590149,-0.29565649789634757
1.9000000000000001,-0.4303714523954515,-0.4396432384243702
1.905,-0.28324946195859696,-0.5788851928062881
1.9100000000000001,-0.1290885049830596,-0.7033979680073796
1.915,0.026853754023864064,-0.8163342261735658
1.92,0.18867303863364304,-0.9235058501915262
1.925,0.3466872086521761,-1.0153613013331955
1.93,0.5010638167582077,-1.0860105132376336
1.935,0.6469444667915312,-1.1369407057604863
1.94,0.773131909429438,-1.1814585834809295
1.945,0.8955949969302129,-1.207574515257483
1.95,1.00364673060389,-1.2125334081425971
1.955,1.084909589642723,-1.196024815550738
1.96,1.152232856302449,-1.1645370408998386
1.965,1.2085707953430969,-1.1093750589993399
1.97,1.2461877926067448,-1.0377964401996738
1.975,1.2582828052586768,-0.9468958273722415
1.98,1.2573165226784666,-0.8507478142196366
1.985,1.2320263177537554,-0.7391581202878723
1.99,1.1857606752081147,-0.6091471112962186
1.995,1.1166397551479903,-0.4739193186843277
2.0,1.036503479255075,-0.33004693047799294
2.005,0.9348543171967687,-0.18170449015087947
2.0100000000000002,0.8248509331917632,-0.030264063734194085
2.015,0.6973449534258527,0.11925893568408638
2.02,0.5641250300507777,0.26833343613085403
2.025,0.42201324549982944,0.4154058929295057
2.0300000000000002,0.2734762437432328,0.554605804292395
2.035,0.11353762082310218,0.681438993009229
2.04,-0.04835174052097511,0.7994629869426468
2.045,-0.20506573593094776,0.9046574236256423
2.05,-0.36284404378275154,1.0015880053978938
2.055,-0.513398618375529,1.0796324580572938
2.06,-0.6577873687635403,1.1398950250268163
2.065,-0.7938285889276638,1.1764341898840087
2.07,-0.9097198755513127,1.2063324568776084
2.075,-1.0094684836619303,1.2130102187915095
2.08,-1.0965088840322241,1.194768604731861
2.085,-1.1635842962562146,1.155523747032854
2.09,-1.2140079612420025,1.1066856634397
2.095,-1.2398092370167015,1.0362069088115093
2.1,-1.2501735703060763,0.9584289800209416
2.105,-1.2412119767438308,0.8515163257293882
2.11,-1.209099821775277,0.7363064197856647
2.115,-1.1616166081030186,0.6119195710911947
2.12,-1.0955379693174299,0.476558206048441
2.125,-1.0120956084185564,0.32998091695412807
2.13,-0.9122735547607117,0.18830520120329025
2.1350000000000002,-0.7938087492710808,0.039470690371072446
2.14,-0.6593585974509578,-0.1116758516296353
2.145,-0.5210331058801236,-0.261401506848548
2.15,-0.377521858511024,-0.4044959952653786
2.1550000000000002,-0.2213965606046469,-0.547278950334287
2.16,-0.06574245870554438,-0.6759489474219639
2.165,0.09852371770608138,-0.8001918314598662
2.17,0.25906393527207716,-0.9114698043264636
2.1750000000000003,0.4167716121218484,-1.0108495210687705
2.18,0.5624104133138879,-1.0915713242018301
2.185,0.6925044303436687,-1.1546855218320555
2.19,0.8236501505649634,-1.1988044268017788
2.195,0.9403247979301561,-1.2229864984120218
2.2,1.0368253484764343,-1.2255642919761827
2.205,1.120355629496571,-1.2122346490332776
2.21,1.1833846938134291,-1.1825346401222625
2.215,1.2298701250462962,-1.1322147907037143
2.22,1.2557991186433075,-1.0641274376622574
2.225,1.2527504374548066,-0.9825091650240803
2.23,1.2397766349292165,-0.8859394405548735
2.235,1.2030293905361646,-0.7682217755984305
2.24,1.1507551288989442,-0.6410400569713357
2.245,1.0727735300799965,-0.5056446577172241
2.25,0.9818899909991201,-0.36065401420477583
2.255,0.8724466679344889,-0.21270662833884826
2.2600000000000002,0.7449852902415538,-0.056010604242702766
2.265,0.6117104374019214,0.09966827661181507
2.27,0.47018704232794123,0.2509590567217888
2.275,0.31662331367311886,0.4008077018959738
2.2800000000000002,0.1651074387354243,0.5425051891852399
2.285,0.010893792610972643,0.6707345720012369
2.29,-0.1453626013213754,0.7911081096449679
2.295,-0.2970442386434111,0.8983702001715638
2.3000000000000003,-0.44809876562366985,0.9917493935268938
2.305,-0.5902045245908571,1.0759098847982
2.31,-0.7228717676566276,1.136969146571724
2.315,-0.8438729997978512,1.1895741115762066
2.32,-0.9507805947385071,1.2252119513144804
2.325,-1.044137239347227,1.2356910938077506
2.33,-1.1177461079529654,1.2300877592217923
2.335,-1.179714838686697,1.1965786574716162
2.34,-1.221503664667016,1.1489730320277038
2.345,-1.2398037318274229,1.091364531666609
2.35,-1.2427793509408287,1.0082798032633145
2.355,-1.22807692617407,0.9139468372750035
2.36,-1.1835225351248118,0.8018974585338876
2.365,-1.1195029302193342,0.6742701747851594
2.37,-1.0431903321467506,0.5482713598940134
2.375,-0.9525124369826646,0.41023061943527944
2.38,-0.8528772783299688,0.26371008239530574
2.3850000000000002,-0.735747258855103,0.1124292545944752
2.39,-0.6014905455694013,-0.041969189466598174
2.395,-0.46560949240172883,-0.199563516449241
2.4,-0.31222905425960856,-0.3420525577653906
2.4050000000000002,-0.15559792563970248,-0.48085068601305436
2.41,-0.0037466890375771255,-0.6203508935602059
2.415,0.15220388433314955,-0.7505842822392503
2.42,0.31014758770399686,-0.8673751986733343
2.4250000000000003,0.458983305311816,-0.9701157713622062
2.43,0.5968060659686665,-1.0597202520369502
2.435,0.7226840090526584,-1.1249872247702533
2.44,0.8407964487304953,-1.1715368917327926
2.445,0.952381070508576,-1.2074934369903407
2.45,1.0533086910700051,-1.2174801033464961
2.455,1.1315278336420316,-1.214060641176185
2.46,1.1858671968474472,-1.1903310082481133
2.465,1.2181865427980307,-1.1496340758442327
2.47,1.2308510718180652,-1.0824997332114743
2.475,1.2414534838666362,-1.0094090835611533
2.48,1.2239499031211396,-0.9142851569373942
2.485,1.191100896777345,-0.8067502720468855
2.49,1.1333972903151894,-0.6879622399044352
2.495,1.0590686661726867,-0.5550980911439006
2.5,0.9671493433589112,-0.4187323707821905
2.505,0.8540709636217294,-0.2728096713248517
2.5100000000000002,0.7323693076814175,-0.1213089908543505
2.515,0.596327300207953,0.028624971449348422
2.52,0.4560774242111676,0.17683010596750834
2.525,0.31175787708946795,0.320175275665527
2.5300000000000002,0.15322919705219532,0.46324394596727264
2.535,-0.0026278476816207676,0.6037766397075348
2.54,-0.15908117689232018,0.7337499888426168
2.545,-0.31164166569733176,0.8482161688595591
2.5500000000000003,-0.4637949899076801,0.9552693972502978
2.555,-0.6090440031389275,1.0393958703132793
2.56,-0.7410501891273686,1.1200384871151725
2.565,-0.8633499606937918,1.1757597904340296
2.57,-0.9702799778854685,1.2088063603894152
2.575,-1.062960737912125,1.2287002190960936
2.58,-1.1337304251502063,1.2289047313177301
2.585,-1.1893484066343607,1.211518093918674
2.59,-1.226355851379869,1.1789127708401743
2.595,-1.2490709936868305,1.1183195775443588
2.6,-1.245817020164912,1.0390631987245367
2.605,-1.220280638138345,0.9428575886898212
2.61,-1.1761499102864894,0.8404305456800154
2.615,-1.116447826783128,0.7184724441276148
2.62,-1.0378019352909063,0.586538070891831
2.625,-0.9331420807628389,0.44482432455461424
2.63,-0.818667909265882,0.2940750720644329
2.6350000000000002,-0.699154135665832,0.1407401525179461
2.64,-0.5732515944951512,-0.019668453989388206
2.645,-0.4285259583662288,-0.1674417411017088
2.65,-0.2754175520488595,-0.3138112425701348
2.6550000000000002,-0.12147838334712775,-0.4613966283803577
2.66,0.03493111409619396,-0.5973618451409661
2.665,0.19612451017300284,-0.7243149324925793
2.67,0.3489877817861626,-0.8387070071400713
2.6750000000000003,0.5011863957564333,-0.9426710992945635
2.68,0.6412562797798327,-1.0405943597543965
2.685,0.7778822654540944,-1.1152324947242003
2.69,0.8950429738401121,-1.172627376585553
2.695,1.0011675574912369,-1.211360493465785
2.7,1.0844087273256329,-1.2301050030647989
2.705,1.1588860560553422,-1.2293875672772963
2.71,1.2088484381079831,-1.212229468658388
2.715,1.2361473126471778,-1.1738794986441814
2.72,1.2486830495991323,-1.1181433668145417
2.725,1.238139034362239,-1.044093236135724
2.73,1.2165795325803601,-0.9587151414432554
2.735,1.1723973046551257,-0.8537650268909763
2.74,1.1073233112371352,-0.7371742968546768
2.745,1.0248090964629484,-0.6078508287395382
2.75,0.9233566674575637,-0.47146938676247807
2.755,0.8081355697623511,-0.32582610788729344
2.7600000000000002,0.676964645799253,-0.17841074636380486
2.765,0.5422048892500244,-0.024303129784204847
2.77,0.3964877808864131,0.12720581386952273
2.775,0.23856854411866538,0.2804596201352429
2.7800000000000002,0.07065682246547099,0.4280938094385522
2.785,-0.09085146897145727,0.5704629251100427
2.79,-0.2464988057612977,0.7031888439112535
2.795,-0.3945003220881363,0.8275802800814933
2.8000000000000003,-0.5363380179987411,0.9313812898520973
2.805,-0.6755597917307463,1.0228894552831755
2.81,-0.8012359585942401,1.0957657437186787
2.815,-0.9169347936590023,1.1547889459106655
2.82,-1.0129498635746217,1.1934018795526204
2.825,-1.0992445177837087,1.2138553351918218
2.83,-1.163994489064577,1.218814543408408
2.835,-1.208966266992412,1.2023266758229343
2.84,-1.2359317427566414,1.1611347871209587
2.845,-1.2425341828355239,1.114994655033375
2.85,-1.2319202011160386,1.0478989936837821
2.855,-1.1997992392059516,0.9615716880327134
2.86,-1.1449591894093323,0.8515521457334165
2.865,-1.0690362471318775,0.7313557236693656
2.87,-0.9881059215573148,0.6040528292667187
2.875,-0.8878024444728884,0.4694844688234867
2.88,-0.776173092942034,0.31846774087377344
2.8850000000000002,-0.6495522868098487,0.1660276758483173
2.89,-0.5076073387765452,0.004976235170680461
2.895,-0.35624486959514823,-0.14907228176036996
2.9,-0.20588988321673646,-0.2935470418621164
2.9050000000000002,-0.04993728370523193,-0.4399628312470074
2.91,0.11135596403587165,-0.5837957362204553
2.915,0.2686195052063315,-0.7142881313147756
2.92,0.41934116834569735,-0.8326447582709537
2.9250000000000003,0.5584398049108921,-0.9361943827809516
2.93,0.6960811011979712,-1.0279326902029797
2.935,0.8177577830002406,-1.1080537455082877
2.94,0.9245874245346146,-1.1605862302734338
2.945,1.02152768985869,-1.2002843215399708
2.95,1.0984692582177766,-1.221123656781881
2.955,1.1600603218318075,-1.221236486095319
2.96,1.2104321459346596,-1.2038162640876182
2.965,1.241293978429577,-1.1623731502526506
2.97,1.2492128827906264,-1.1088115666541807
2.975,1.2275366439104176,-1.0353233534402784
2.98,1.1917146705992263,-0.9407252243553301
2.985,1.1365717480655642,-0.8348999873541063
2.99,1.0582322104950073,-0.7212606274543576
2.995,0.9644834415270275,-0.5959061506654929
3.0,0.8638161661869482,-0.4586628296511482
3.005,0.7459020550240727,-0.31634697845579146
3.0100000000000002,0.6191427682463345,-0.1669618852038647
3.015,0.48119816990389386,-0.01340381291878673
3.02,0.3407224654876318,0.13290530144532708
3.025,0.18475740463405588,0.2858086023678769
3.0300000000000002,0.019698827705598814,0.43488003503187067
3.035,-0.14851343379808896,0.5794828324819751
3.04,-0.3056541753547001,0.7105682373240685
3.045,-0.4579717065532167,0.8232344600734478
3.0500000000000003,-0.5989006805835502,0.9228866161966124
3.055,-0.7314146233927967,1.0214731342488512
3.06,-0.8600967360383441,1.1074819092752493
3.065,-0.9720777329077194,1.166374182581691
3.0700000000000003,-1.065411760468776,1.2125228433241049
3.075,-1.1423686153444053,1.2368803653074807
3.08,-1.1994736517068896,1.2391127118445153
3.085,-1.2413029679257939,1.2241949237850984
3.09,-1.2603555490249905,1.1844354604072937
3.095,-1.25928891209321,1.1302602703614466
3.1,-1.237904504757923,1.059941543561047
3.105,-1.1938965574430653,0.9766040121159301
3.11,-1.1343622596343204,0.8727062628958001
3.115,-1.0581325884714499,0.7574547461866957
3.12,-0.9598160104907507,0.629403130333413
3.125,-0.8460502820014161,0.48828288946668036
3.13,-0.7233549944309553,0.3356580655916808
3.1350000000000002,-0.583451210085409,0.18321585852973074
3.14,-0.44605444227521485,0.026851113401193446
3.145,-0.2906173933039637,-0.1300842248651631
3.15,-0.1343900810109118,-0.2896905022080838
3.1550000000000002,0.0353036441459343,-0.43602568794908053
3.16,0.19643739231413979,-0.5774026495907643
3.165,0.3468978732505851,-0.7137371298186279
3.17,0.49559796754741064,-0.8362842871298614
3.1750000000000003,0.6358038610296446,-0.9484892384569438
3.18,0.770706789859275,-1.0381731689528961
3.185,0.8881610968423371,-1.1164780750013694
3.19,0.983271971445536,-1.1732017137491915
3.1950000000000003,1.0645878334547576,-1.224842515578401
3.2,1.139230388732272,-1.2436897839462988
3.205,1.1871987031596203,-1.2463039098607769
3.21,1.2219921766560387,-1.2249504759817245
3.215,1.2404070928363602,-1.1755791953325856
3.22,1.233778709208503,-1.1204952558813597
3.225,1.2100265620017945,-1.0462638482592233
3.23,1.1706116614589368,-0.9584036275172412
3.235,1.1061398566698188,-0.8552570482621538
3.24,1.0281826384356032,-0.737425637631117
3.245,0.9273914504655246,-0.605783305270943
3.25,0.8169716330247943,-0.4647433920088917
3.255,0.692384867815528,-0.3199631238901279
3.2600000000000002,0.557056046584619,-0.1636384997310177
3.265,0.4161836381169601,-0.00972579303155362
3.27,0.2632819510068688,0.1396789059317827
3.275,0.1059291637498571,0.29112233963910994
3.2800000000000002,-0.04891008810829071,0.4347578713230667
3.285,-0.205364578324247,0.5721893928736141
3.29,-0.3606388339303493,0.6997720251365247
3.295,-0.5093590456370541,0.8190910270407042
3.3000000000000003,-0.6460109920862325,0.9260388362748362
3.305,-0.7718898708567862,1.0172084286540237
3.31,-0.8894830817264485,1.0949819706281656
3.315,-0.9915650549629962,1.1542392486907593
3.3200000000000003,-1.0741398363915964,1.196653937983415
3.325,-1.1402149136000528,1.213459394914329
3.33,-1.1882207875767001,1.2165728890005312
3.335,-1.216277352435528,1.2042721621299832
3.34,-1.2293544140350154,1.1744497017020146
3.345,-1.2190502408900732,1.1182507160389896
3.35,-1.1885512005385874,1.050322803174406
3.355,-1.1443683348904525,0.9686115097596723
3.36,-1.0763327543543315,0.8646793238747263
3.365,-0.994415442998766,0.7540734501695321
3.37,-0.8945514204942165,0.6247688522050242
3.375,-0.7791095607412438,0.4875468240246254
3.38,-0.653410061348391,0.34308372262528253
3.3850000000000002,-0.511628045565347,0.19095899240414102
3.39,-0.3618563155075761,0.03323192927146729
3.395,-0.2063027630090917,-0.12166666003021184
3.4,-0.049462802380872306,-0.2726461026068449
3.4050000000000002,0.10241326628270458,-0.4261023793353013
3.41,0.2615645609743341,-0.5686857785438413
3.415,0.41055208054340286,-0.7020348336026131
3.42,0.5594362216897126,-0.8284116623365412
3.4250000000000003,0.6966468569639702,-0.9354612946727631
3.43,0.8185490077638462,-1.0258548183615965
3.435,0.9262977354520463,-1.1006043258920162
3.44,1.028083283077905,-1.157733111873652
3.4450000000000003,1.11862602693065,-1.204817174207074
3.45,1.180855625790667,-1.228240631182121
3.455,1.2249609279377633,-1.2380506360121613
3.46,1.24735502432399,-1.2223280387281465
3.465,1.2523709279886497,-1.191478198962339
3.47,1.2421171498182455,-1.1416193102386953
3.475,1.205407746396793,-1.0756214238776967
3.48,1.1567927849198647,-0.9869663252469809
3.485,1.0843997892279864,-0.8843593833992732
3.49,0.9901229166177806,-0.7694119462135572
3.495,0.8803768850880704,-0.6391662180194272
3.5,0.7641626809762656,-0.49832864956245715
3.505,0.6301081701737038,-0.35327178026131556
3.5100000000000002,0.48654863999580233,-0.20422077111916245
3.515,0.3270629015904268,-0.05061030517353621
3.52,0.16785222620891146,0.10922802475917488
3.525,0.010731710222980292,0.26759394285478877
3.5300000000000002,-0.13977210558700237,0.42279447120108304
3.535,-0.2998487659565087,0.5655978633966622
3.54,-0.45461083494959076,0.7085669966965651
3.545,-0.6027171685437404,0.830604177484618
3.5500000000000003,-0.7431817192046287,0.9412215752699445
3.555,-0.8710377003296507,1.0311105200755402
3.56,-0.981371188053172,1.1123323525505602
3.565,-1.0755777998143243,1.177239288338811
3.5700000000000003,-1.1592685372545979,1.2168215249112673
3.575,-1.2177501585917536,1.2382874387926464
3.58,-1.2645796977191297,1.246745516008836
3.585,-1.2801903295172112,1.2321292377934243
3.59,-1.2747896017926008,1.2001055015568192
3.595,-1.2526492310906594,1.1470762126551068
3.6,-1.2140936023395665,1.0735201225658242
3.605,-1.1477158982182583,0.9880033626960186
3.61,-1.0597998698145632,0.8826108997126476
3.615,-0.9592843723968023,0.7649113171841527
3.62,-0.8442550600319856,0.6296274588350713
3.625,-0.7174238184876442,0.48673447571442036
3.63,-0.5761145106638896,0.3404449512276659
3.6350000000000002,-0.429193648628003,0.186594923048119
3.64,-0.27777945957181105,0.02769943712579756
3.645,-0.12375258008806439,-0.12935052258809696
3.65,0.03712935753550836,-0.2866281080868497
3.6550000000000002,0.19502873121692105,-0.43655334889839637
3.66,0.35691591979289816,-0.5728944219396171
3.665,0.5077464196556156,-0.7044396582094262
3.67,0.6539637365923728,-0.8334007041542626
3.6750000000000003,0.7837291683667652,-0.9440697658388141
3.68,0.9004234033666937,-1.0404560417214503
3.685,1.0060441637962008,-1.114575527064922
3.69,1.096324694284908,-1.1730404223464839
3.6950000000000003,1.172374050733625,-1.2150232944350288
3.7,1.2237232318151177,-1.2406802568453148
3.705,1.2523877179720058,-1.2499921047903788
3.71,1.2640962661069874,-1.2384432483041157
3.715,1.2539368030395377,-1.2023170965038923
3.72,1.2212493352147655,-1.1421495140133928
3.725,1.1711373944520733,-1.0719316230376243
3.73,1.1099372182502216,-0.9858707426660436
3.735,1.0263255168464758,-0.8805639527112921
3.74,0.9214135962070873,-0.7694324725187938
3.745,0.8083355035258871,-0.6421387644200228
3.75,0.6787459339598345,-0.5037500806460935
3.755,0.5379532532638313,-0.3477524868305093
3.7600000000000002,0.3917744988746054,-0.19504721372833198
3.765,0.23973164770587732,-0.0382758100432008
3.77,0.08367807775103685,0.11144014625627635
3.775,-0.0679609088010874,0.2716010721246467
3.7800000000000002,-0.2274682939467024,0.424794533044154
3.785,-0.37688101881358294,0.5743200266756416
3.79,-0.521424950025793,0.7187086324290447
3.795,-0.6599784013525846,0.8512363663044982
3.8000000000000003,-0.7865651075751817,0.9596628658570542
3.805,-0.9013749181522328,1.0585163013477996
3.81,-1.0004802256999106,1.1402660299846976
3.815,-1.0853736835383925,1.2030886329152393
3.8200000000000003,-1.1581555560612837,1.2436726521864336
3.825,-1.2061836696235888,1.2679645898453953
3.83,-1.226122869685944,1.2764322994757868
3.835,-1.2359810811823568,1.2656374071272993
3.84,-1.226559950394012,1.2338238116179432
3.845,-1.197019756446154,1.1814665310071129
3.85,-1.1499988285595875,1.1129226553975184
3.855,-1.079347204012613,1.02447314576514
3.86,-0.9919219041868277,0.9195208499094234
3.865,-0.8913560015544739,0.7905592535018306
3.87,-0.773844796851141,0.6573855802340852
3.875,-0.6422410703230078,0.5169957721605117
3.88,-0.5039744388613399,0.3628648844387703
3.8850000000000002,-0.3578725039090295,0.2094799328322608
3.89,-0.20290048727466284,0.051375836823703475
3.895,-0.04173218620494862,-0.10420857551711958
3.9,0.11013458643322356,-0.2666423257531909
3.9050000000000002,0.26238018793865747,-0.41583423714601503
3.91,0.41148990858417955,-0.5637034393073211
3.915,0.5585289777643108,-0.6998597404637531
3.92,0.6905908760053473,-0.8293333215317449
3.9250000000000003,0.8205115093330082,-0.9408841459641595
3.93,0.9291970702730612,-1.041373695463277
3.935,1.0305437319301571,-1.1277898182150115
3.94,1.110882264178262,-1.1932537253407034
3.9450000000000003,1.170384639111561,-1.2423087665888803
3.95,1.2051618421775288,-1.2806035454503766
3.955,1.229833714213185,-1.2809266934504555
3.96,1.2403482317048173,-1.2699071596709335
3.9650000000000003,1.2244439067476587,-1.2313520847379067
3.97,1.193577724538788,-1.1728860722907137
3.975,1.1374380971450921,-1.1023379576707464
3.98,1.0667399216000288,-1.0165098839869844
3.985,0.9820403335035564,-0.9135218200639783
3.99,0.8759536050815422,-0.7929408300604927
3.995,0.7511083821116007,-0.6598943710028267
4.0,0.6200906813386096,-0.5173093192258293
4.005,0.48159743356440615,-0.3613369522903033
4.01,0.33079459776122005,-0.20501331895906383
4.015,0.17523392419859193,-0.04486015458595404
4.0200000000000005,0.020073100110181742,0.11439254929005398
4.025,-0.13509221985233064,0.272640787106802
4.03,-0.29154641830418015,0.42199164413342
4.035,-0.44107834407350877,0.5695840030028074
4.04,-0.5870786654928807,0.7134879508162839
4.045,-0.7278391425420646,0.8461148218760401
4.05,-0.8552815347699384,0.9597180792309443
4.055,-0.9687459113781974,1.0569376160759072
4.0600000000000005,-1.0592099896376244,1.1391985032621692
4.065,-1.1347929252167392,1.2067778692982338
4.07,-1.1917928585525892,1.2498937017865392
4.075,-1.2329649592480798,1.273880504917273
4.08,-1.256875315881996,1.2801757203681345
4.085,-1.2655278494712876,1.2681929561487841
4.09,-1.2500706861855415,1.2341657945730473
4.095,-1.2049152418733056,1.1805140798327176
4.1,-1.1477914479890525,1.10557045508535
4.105,-1.0763997715178073,1.0143174583096966
4.11,-0.9878508720627063,0.9137352728803851
4.115,-0.8754373574897851,0.7943597812804318
4.12,-0.7545002745739704,0.6574266327233398
4.125,-0.62697593415284,0.5147155305214213
4.13,-0.48145222528502724,0.3634551316531992
4.135,-0.3287943378665014,0.20884255967553286
4.14,-0.17282486519316942,0.04986608390912051
4.1450000000000005,-0.010699555184900424,-0.11288870805756716
4.15,0.15808710918369326,-0.27391635516192386
4.155,0.3098304598295893,-0.4273855535784778
4.16,0.46666300341217576,-0.5772272913727781
4.165,0.6145300280597549,-0.7155891609935108
4.17,0.7496519878439717,-0.8385765322583001
4.175,0.8746102733285114,-0.9586013191516145
4.18,0.9829864594470729,-1.0590714688804985
4.1850000000000005,1.0764208866413203,-1.1415492140773407
4.19,1.1595030628303156,-1.2012203471496266
4.195,1.2172516077934106,-1.2437677192183902
4.2,1.2606026349501431,-1.2704425509273087
4.205,1.2816045093800295,-1.2741894133344858
4.21,1.2773997539565431,-1.257831395710551
4.215,1.257799847260145,-1.2236607275997786
4.22,1.2172995071484836,-1.172171628346849
4.225,1.1635472888271392,-1.1004745225252401
4.23,1.0854341845722992,-1.0056188468161937
4.235,0.9879374992456748,-0.9002882308485415
4.24,0.87258182048816,-0.7797981840289234
4.245,0.7489362988933863,-0.6510671576689145
4.25,0.6129475116625163,-0.5130226590009945
4.255,0.4601955358466969,-0.36154396801406996
4.26,0.3044085911571761,-0.20362339246676311
4.265,0.14410138009881102,-0.042129127097048656
4.2700000000000005,-0.016136672489050582,0.12194585822326057
4.275,-0.17496558247838115,0.28136742192145275
4.28,-0.3314709002347667,0.4336468488960584
4.285,-0.4859468705861207,0.5832627181615196
4.29,-0.6271213101101325,0.7213177079697605
4.295,-0.7575650679068631,0.8405453893325838
4.3,-0.8786361501319184,0.9506668154068841
4.305,-0.9899074448437903,1.0435146845485486
4.3100000000000005,-1.0879083207370324,1.1235333842450657
4.315,-1.1659976972473307,1.1940977155068009
4.32,-1.2219688151926624,1.2360534848960738
4.325,-1.2553135696061635,1.2640583021417569
4.33,-1.2712200458627347,1.2730309033583027
4.335,-1.2684168120472856,1.2494461044268546
4.34,-1.2418458321388681,1.2149699065624304
4.345,-1.2032070345187615,1.161255967100457
4.3500000000000005,-1.1369842453148096,1.0874538191601177
4.355,-1.0508664685766027,0.9948259671424801
4.36,-0.9538356585032144,0.8905278206166188
4.365,-0.8390903008441747,0.7707844885801041
4.37,-0.7123572541860097,0.6400157935173267
4.375,-0.5753088379431747,0.491830991856051
4.38,-0.4248695554606909,0.34354025706913943
4.385,-0.27627249159239864,0.18942448013532598
4.39,-0.11769706559843564,0.029793852375768867
4.3950000000000005,0.04105755373041351,-0.13474265250785852
4.4,0.19809768246273948,-0.2975320678809306
4.405,0.35318231372181,-0.4462189014463986
4.41,0.4988716081526652,-0.5922083913005721
4.415,0.6423665969391922,-0.7273964518016407
4.42,0.7725207911084001,-0.8560237361542882
4.425,0.891330273168721,-0.9671420199954571
4.43,0.993673225598398,-1.0662811685063003
4.4350000000000005,1.085612424887887,-1.1509767561724602
4.44,1.1542737578639333,-1.2153198805055394
4.445,1.21093098956757,-1.2554700248383008
4.45,1.2443395997747506,-1.2764690106093226
4.455,1.26007806333805,-1.2831244703066538
4.46,1.2513430772857765,-1.2660701295657222
4.465,1.226742249493062,-1.230850579045363
4.47,1.1828465610389434,-1.179020233574254
4.4750000000000005,1.1162622215800648,-1.0993802973362268
4.48,1.0371484408752245,-1.0043759245752786
4.485,0.9363328951765967,-0.8933551945952876
4.49,0.8203049282694751,-0.7691102328755669
4.495,0.697344555420906,-0.6352627503629287
4.5,0.5608632982557205,-0.4886126981322453
4.505,0.41612946419235175,-0.33938209221112475
4.51,0.2600325286164264,-0.1820759912382025
4.515,0.10462416946010404,-0.025897907578009787
4.5200000000000005,-0.054379033482970025,0.13918932296787945
4.525,-0.20965094603762757,0.2949556212728908
4.53,-0.36475103896574856,0.4534321703390423
4.535,-0.5160492639759037,0.5960037715554319
4.54,-0.6569540763826387,0.7295142890954506
4.545,-0.7874440896346779,0.8621039422596339
4.55,-0.9008932706739385,0.9744108131218355
4.555,-1.006602915485722,1.0641816873674361
4.5600000000000005,-1.0915548390887029,1.1483471737292428
4.565,-1.1605649566681917,1.2105596551102984
4.57,-1.2127815470123937,1.2566076193854558
4.575,-1.2416362248118151,1.2798596640949993
4.58,-1.2547941288287405,1.2847920945905884
4.585,-1.2437212779263964,1.272773902364841
4.59,-1.2144463377078898,1.234634460055187
4.595,-1.16220276658228,1.1812085278936062
4.6000000000000005,-1.0999291999540541,1.1075697509611173
4.605,-1.012069028658073,1.0176521457750094
4.61,-0.9175151911325194,0.9069970435066503
4.615,-0.7991505588985423,0.7822423659683587
4.62,-0.6638376281094792,0.6517072961798831
4.625,-0.5261137601144382,0.5015628379012604
4.63,-0.37559913263797706,0.34580697265860716
4.635,-0.22563493891533068,0.18434324781833505
4.64,-0.06374753700225913,0.016777942086844598
4.6450000000000005,0.1004277742704993,-0.14871818341019802
4.65,0.25835740525875567,-0.30924678759199153
4.655,0.4115184061382377,-0.462602820218103
4.66,0.5581163609879333,-0.6121198113189504
4.665,0.7012117689646962,-0.7518271981240212
4.67,0.8222726166910216,-0.8798399577692911
4.675,0.9395623725433583,-0.9945936154083017
4.68,1.0362411395559967,-1.0938244895159956
4.6850000000000005,1.1181517110690724,-1.170523079494462
4.69,1.1813526403687713,-1.2287474399309875
4.695,1.2239652437237278,-1.2710312482060726
4.7,1.2578338788942098,-1.2933975758218088
4.705,1.2693459092772834,-1.2899818024639542
4.71,1.2596431616913797,-1.267180104898335
4.715,1.2217605611110547,-1.225407516139073
4.72,1.1663924403914636,-1.1653844587513216
4.7250000000000005,1.0949169941675758,-1.0885879926767141
4.73,1.0148344565081346,-0.9949292727112901
4.735,0.9136649663423466,-0.8826756567144175
4.74,0.7975112953857243,-0.75729083928628
4.745,0.6663958768233182,-0.6210287661718445
4.75,0.5249376302105736,-0.47592452722824785
4.755,0.3743627534532214,-0.3207090806669866
4.76,0.22009745410870304,-0.16037716813544
4.765,0.05607296999553749,0.004717637902840221
4.7700000000000005,-0.10385537094145487,0.1615263568546431
4.775,-0.25473646662881394,0.3285733114889758
4.78,-0.41079865829525847,0.48190264306557523
4.785,-0.5587072009211931,0.6224850466254148
4.79,-0.7006403752149853,0.7514546397159265
4.795,-0.8348949513810002,0.8788599267716365
4.8,-0.9457125143924927,0.9876752267249739
4.805,-1.0468939436467475,1.088708201925602
4.8100000000000005,-1.1202691539527534,1.1640311359991709
4.815,-1.184791679041842,1.2186845223852614
4.82,-1.231204915161248,1.257929631673928
4.825,-1.2630543779928758,1.2795219998184326
4.83,-1.2629162347986103,1.28024198911593
4.835,-1.2481156567417364,1.258242656076244
4.84,-1.2089632323090398,1.2152496413367617
4.845,-1.1538758202470774,1.1528913168032462
4.8500000000000005,-1.0844509575238566,1.0751032973495702
4.855,-1.000168516985137,0.9817555665351726
4.86,-0.8949032116836635,0.8688108751355865
4.865,-0.7668092442671077,0.737954390953899
4.87,-0.6366347313168175,0.6020062191461046
4.875,-0.4963775172996355,0.45611048168221374
4.88,-0.3467598826194032,0.3052698195700835
4.885,-0.19730178923770922,0.15005161441779155
4.89,-0.046993930483541765,-0.009661061385002886
4.8950000000000005,0.1090925951658154,-0.1735905135275376
4.9,0.26164600255950793,-0.3320417414540797
4.905,0.4101849795661744,-0.4903928136941116
4.91,0.554462644427411,-0.639205756752469
4.915,0.6918003472899187,-0.772992934662014
4.92,0.8217064212396389,-0.8988396438864897
4.925,0.931566000067568,-0.9971127891989309
4.93,1.0230246448807943,-1.0917647031411664
4.9350000000000005,1.1132548023386093,-1.1669184582900616
4.94,1.1853793731628366,-1.2222838916816328
4.945,1.2314260707682791,-1.2584866038199942
4.95,1.2595498402589496,-1.2755428662697832
4.955,1.2662122389075285,-1.2734162745591322
4.96,1.2516177161122841,-1.254158682171235
4.965,1.2176902948570643,-1.2079782487620117
4.97,1.1624992842203754,-1.1487519754646411
4.9750000000000005,1.0908602612328662,-1.0655527076098297
4.98,1.0045254006149744,-0.9726290437630584
4.985,0.9053429761466871,-0.8579791539569673
4.99,0.7843255324971663,-0.7347014809506615
4.995,0.6530125657341453,-0.597571566221112
5.0,0.5092440320746335,-0.44994353681946003
5.005,0.3616462186734341,-0.2937654013436937
5.01,0.20197459516970637,-0.13281970689603495
5.015,0.04287192544173804,0.029678500684799637
5.0200000000000005,-0.10934100914603628,0.19021012808499216
5.025,-0.26911239190190406,0.35584296664282017
5.03,-0.422024849689098,0.5034057586602694
5.035,-0.5781674210718302,0.6502501569326453
5.04,-0.7234429609725823,0.7867807060987451
5.045,-0.8529092317145726,0.9054074813188959
5.05,-0.9659487430328054,1.0107064384166573
5.055,-1.0590873612756848,1.1011815010483184
5.0600000000000005,-1.1416825950734713,1.176210462587076
5.065,-1.2085049650881785,1.2244056502434855
5.07,-1.2542072728973168,1.262998556824681
5.075,-1.2749084814550915,1.275138216017415
5.08,-1.283518943239175,1.2644650673183226
5.085,-1.2704623859212711,1.2373679182901076
5.09,-1.2358978107020553,1.1922101002075143
5.095,-1.1789193753514355,1.1262473585911963
5.1000000000000005,-1.1017853052642335,1.0494018630363118
5.105,-1.0133043073968113,0.9475630543747513
5.11,-0.9052443509070165,0.8297092833159602
5.115,-0.7904355530735404,0.7076265122642794
5.12,-0.6603260500767286,0.5630741386835505
5.125,-0.5178544788963038,0.41699147358040983
5.13,-0.3672918667324797,0.26433717245819244
5.135,-0.210811974567141,0.10490679297021008
5.14,-0.04584190206619633,-0.06224003818918503
5.1450000000000005,0.1156212494368407,-0.22646589955484217
5.15,0.2782977951792497,-0.3813685730304479
5.155,0.42878410109253867,-0.5329975295774565
5.16,0.5839881679918013,-0.674316472949518
5.165,0.725664357635491,-0.807217124748324
5.17,0.8579589402013362,-0.9220723892702326
5.175,0.9731200716163224,-1.0338725071198596
5.18,1.07667877568504,-1.1154371880961438
5.1850000000000005,1.1691150064408042,-1.1852766941326762
5.19,1.2317162183578048,-1.23691011284395
5.195,1.2730482422529512,-1.2713013714136454
5.2,1.2948183285243713,-1.2877694152554184
5.205,1.2974344800063555,-1.2754773785986906
5.21,1.2805320927595845,-1.247334318838722
5.215,1.2400997416595907,-1.1936430811902101
5.22,1.178839972704376,-1.1268496711336957
5.2250000000000005,1.1028038185969846,-1.0408963471269586
5.23,1.0039238576906073,-0.9407466681159306
5.235,0.88758002372637,-0.8264689701119784
5.24,0.7607762357408977,-0.6911002662757368
5.245,0.6168200492013897,-0.553562944699984
5.25,0.46071987899408423,-0.40810663464028435
5.255,0.30644009442086634,-0.2550599952885118
5.26,0.14841838823272424,-0.09724610156204667
5.265,-0.018215201521072838,0.06244506011387916
5.2700000000000005,-0.19165992746580024,0.21906696538874032
5.275,-0.3551700663294955,0.37502690600551736
5.28,-0.4989126065320941,0.5289755180219692
5.285,-0.6440438094957995,0.6701246147818081
5.29,-0.7745940586672138,0.7999339342675211
5.295,-0.8974535744421198,0.924084236809548
5.3,-1.0074056345148785,1.0271937721254216
5.305,-1.1051980744399437,1.112635895551805
5.3100000000000005,-1.1739026158294323,1.179872029997104
5.315,-1.2355246935480386,1.2280161381705195
5.32,-1.2709847497918223,1.2603050337769321
5.325,-1.2892002830548621,1.2721532932415813
5.33,-1.289469241035812,1.2683630090442584
5.335,-1.261585136881035,1.2413429564633696
5.34,-1.2135882961787778,1.1900973656088927
5.345,-1.1426360824178927,1.122853029342034
5.3500000000000005,-1.0614927361839486,1.0291955026908841
5.355,-0.9641294511165186,0.922631893456657
5.36,-0.8524831491518126,0.8079234900833208
5.365,-0.7194671292053307,0.6775183961451049
5.37,-0.5703394240841999,0.5312728063614363
5.375,-0.4192331490318736,0.3815960659471111
5.38,-0.2593008265073493,0.22047883683684036
5.385,-0.09600504939879474,0.06368232357782236
5.39,0.0691987934879436,-0.10026045038697948
5.3950000000000005,0.22927113213038974,-0.25756759313687827
5.4,0.38134530776593306,-0.4122673855536219
5.405,0.5346141833912325,-0.5627409888799562
5.41,0.6788823109464005,-0.6967477830694551
5.415,0.8118486130052288,-0.8257576667154051
5.42,0.9316299196738415,-0.9470041246269603
5.425,1.0352719519395184,-1.0442925502983247
5.43,1.117194014354814,-1.128686708130848
5.4350000000000005,1.1955973797813149,-1.192042913167456
5.44,1.2451140114214445,-1.2360235800027697
5.445,1.2798592408785459,-1.2678771824645945
5.45,1.2927191823860529,-1.2744541439754968
5.455,1.287573159511832,-1.2662883931260345
5.46,1.250037910794901,-1.234324133485649
5.465,1.2004003194991424,-1.180737004930622
5.47,1.1338582198770735,-1.1117264917809604
5.4750000000000005,1.0445919876043983,-1.021374994987708
5.48,0.9459589094219296,-0.9195319772674859
5.485,0.8299594359908875,-0.7969591321745951
5.49,0.6970743466042986,-0.6705260666886228
5.495,0.5564650459802305,-0.525100553251376
5.5,0.4017056916563639,-0.36841166492911853
5.505,0.2381304062425432,-0.20311262241282171
5.51,0.07493206903074379,-0.03829610863159951
5.515,-0.08425742628567037,0.1174485456261871
5.5200000000000005,-0.2429249946585169,0.2768242563875491
5.525,-0.39700290712869507,0.4334290872385231
5.53,-0.5470961188280313,0.5802734348412004
5.535,-0.6852014639375785,0.7212335276928442
5.54,-0.8158972388845148,0.8505495697997337
5.545,-0.9312487745957101,0.9568341181927972
5.55,-1.0383031707203172,1.0508651427867985
5.555,-1.122530918135073,1.131294246685929
5.5600000000000005,-1.1958675580561515,1.1878729470615985
5.565,-1.2426082717216196,1.2261884471734301
5.57,-1.269721354116349,1.2454888478550055
5.575,-1.273439918853246,1.2502862001760118
5.58,-1.2593377339630596,1.232264107527983
5.585,-1.2290462335349803,1.2025477629090178
5.59,-1.1756638986052872,1.155338810637213
5.595,-1.108667167651176,1.0871458793018198
5.6000000000000005,-1.0261427773469376,1.0021019175232952
5.605,-0.9220665473495011,0.8951925462054976
5.61,-0.8072111696725959,0.7758407206174434
5.615,-0.6731310201164863,0.6512018308883041
5.62,-0.5295737263093357,0.5115131505208576
5.625,-0.38206778917776857,0.36969475129830925
5.63,-0.22842566414091942,0.22099774620267418
5.635,-0.0709746658229278,0.07018147998057156
5.64,0.088414751585952,-0.09342541404009005
5.6450000000000005,0.24774598117668467,-0.2527725403255243
5.65,0.4020309531330051,-0.40103089256820224
5.655,0.5528377700402021,-0.5450364393375494
5.66,0.6941945413996908,-0.6810064722322099
5.665,0.8182061737704751,-0.8066449043132247
5.67,0.932945228975915,-0.9171833784328595
5.675,1.039169077498869,-1.0047479119075124
5.68,1.1264019804159129,-1.0853518545931753
5.6850000000000005,1.192479696582812,-1.1546852716614169
5.69,1.247712172150535,-1.2043911954552644
5.695,1.2872740467767536,-1.2251542273758673
5.7,1.290667905736719,-1.2253352028621673
5.705,1.2791114422831023,-1.2138260510955312
5.71,1.2524186762874534,-1.188918643813604
5.715,1.197234103778293,-1.1382185484264877
5.72,1.1211734949062284,-1.0659358486599755
5.7250000000000005,1.033843316172587,-0.9790682277824416
5.73,0.9222325122896929,-0.8768243873726723
5.735,0.8024253627847174,-0.7589321022517206
5.74,0.6721191814360414,-0.6333152323869734
5.745,0.5341496329141509,-0.49623402347936274
5.75,0.3895856016618334,-0.34836861685022047
5.755,0.23409372031343023,-0.19383710098488857
5.76,0.07234866270487778,-0.038680318336208025
5.765,-0.08894991483763924,0.11276733341081334
5.7700000000000005,-0.2531902350889798,0.2646613709659099
5.775,-0.41345878389772067,0.41661639351626206
5.78,-0.5657025920248645,0.5604027668504978
5.785,-0.715060659163108,0.6943432065705141
5.79,-0.8454621379290016,0.8150456959122919
5.795,-0.9644751083685648,0.9211056346950389
5.8,-1.0669410809695863,1.015181190373204
5.805,-1.1526260618265511,1.1058029507597567
5.8100000000000005,-1.2207245668831468,1.1750857239735288
5.815,-1.267345812063508,1.2236850656678133
5.82,-1.2891262812842748,1.2439679317306018
5.825,-1.3003977718391704,1.2467327377025461
5.83,-1.290159683605884,1.2383648541323427
5.835,-1.2590220919436907,1.2050250404656946
5.84,-1.2029275051077033,1.1522822802930348
5.845,-1.127793195821358,1.084607699281833
5.8500000000000005,-1.042743460640137,1.000312166364876
5.855,-0.9337808062668242,0.8900937507145937
5.86,-0.8110734005651926,0.7701683466141778
5.865,-0.6829914553059139,0.6408136541540396
5.87,-0.5403881703740768,0.497074075984918
5.875,-0.39007181544064307,0.3511569913676488
5.88,-0.23374023747891606,0.1894522079350028
5.885,-0.07455373838565743,0.029814032513628123
5.89,0.08890059325418499,-0.1305080320890708
5.8950000000000005,0.25350194007242793,-0.2859031793898292
5.9,0.40853798997635915,-0.43620164801135997
5.905,0.5620327079963616,-0.582417374061617
5.91,0.7014888361321371,-0.7197828233623408
5.915,0.8264740202169744,-0.8460108488601707
5.92,0.9362002337266813,-0.961761425791306
5.925,1.0427164002109484,-1.056375338934111
5.93,1.129606528988454,-1.1350508379293054
5.9350000000000005,1.1969124393536903,-1.1895231018344938
5.94,1.2447661574066229,-1.2347899148677721
5.945,1.278147755506388,-1.2501503437053763
5.95,1.2871078826942075,-1.2543502609490862
5.955,1.2723577562393995,-1.2387376123586
5.96,1.2369759845812276,-1.1934653450683104
5.965,1.182202431701857,-1.1338288892122759
5.97,1.114050085534016,-1.0619333606534676
5.9750000000000005,1.0247466710089108,-0.972707275499685
5.98,0.921999493657444,-0.8662452719657542
5.985,0.8041300046233771,-0.7456876400292267
5.99,0.6712224141801469,-0.6146365061569126
5.995,0.5224895387078067,-0.4753598250520712
6.0,0.3641557954153358,-0.32633566557670624
6.005,0.21115611303671014,-0.1730136099214867
6.01,0.052511889497130655,-0.015776764421930725
6.015000000000001,-0.10481228938123724,0.13685930664019247
6.0200000000000005,-0.25642002231811123,0.2869869716350825
6.025,-0.41029754714406624,0.44232751647863044
6.03,-0.5609459693970692,0.5856341789723363
6.035,-0.6990916213667075,0.7238158366566102
6.04,-0.8290400746246342,0.8531342735813965
6.045,-0.9451127130708116,0.9684159643408949
6.05,-1.0456931602164046,1.0622156650894221
6.055,-1.1293417431575203,1.1397455383851611
6.0600000000000005,-1.1986103127415553,1.198476050924149
6.065,-1.2451571926978249,1.2418210108167198
6.07,-1.2727801461708734,1.2621386948550108
6.075,-1.2822652840703106,1.2656483951737003
6.08,-1.26491109138549,1.2474576269467696
6.085,-1.2308860578839589,1.2107778028565286
6.09,-1.1748455042196457,1.1480902331467477
6.095,-1.106931783948786,1.0666986942565424
6.1000000000000005,-1.0185945990036611,0.9659665411806373
6.105,-0.919646737102527,0.8585505459550342
6.11,-0.7947916367796694,0.7314681827053737
6.115,-0.6624748197782329,0.5951021492686429
6.12,-0.529662228964403,0.4536650855383081
6.125,-0.37994575636847205,0.3002331290206243
6.13,-0.22247105311180027,0.1407536396693251
6.135,-0.06291690442554308,-0.01871724279597633
6.140000000000001,0.10423898113713025,-0.17824155439553563
6.1450000000000005,0.25530302056927545,-0.3335396948508159
6.15,0.40914347199017903,-0.47747810392279877
6.155,0.5610243560606589,-0.6222734278701266
6.16,0.6975459691433912,-0.7507603430042402
6.165,0.8278818375203435,-0.8752564421428767
6.17,0.9403709418324073,-0.9770629448786753
6.175,1.0396117695173777,-1.0696752970399688
6.18,1.1284650445841884,-1.1466159660062953
6.1850000000000005,1.2008543110535002,-1.1980486935190378
6.19,1.2482463542978706,-1.2327593201501168
6.195,1.269908914443288,-1.2513983150976744
6.2,1.2746810308641203,-1.241835590580193
6.205,1.2555582725613146,-1.2195933067540192
6.21,1.215168603357295,-1.1771777037093623
6.215,1.157702362355802,-1.1174091143401035
6.22,1.0884033141406695,-1.0343449257070447
6.2250000000000005,0.9958101248838593,-0.9379478023283067
6.23,0.8913744160582933,-0.8236351926967608
6.235,0.7661697423318903,-0.6961828022447949
6.24,0.6301515877193666,-0.5589406808331656
6.245,0.48628378708305514,-0.41647391176276727
6.25,0.3336203134767811,-0.26854934938468217
6.255,0.1743056579641266,-0.11554910395175924
6.26,0.013148122067680913,0.04156280315724603
6.265000000000001,-0.1552541332098496,0.19553802691743571
6.2700000000000005,-0.3148380111201462,0.35240653088604873
6.275,-0.46455143728229237,0.5039814120410655
6.28,-0.6099950663449679,0.6407457222284135
6.285,-0.7440155364758962,0.77125492102944
6.29,-0.8664565748797226,0.8909147975644484
6.295,-0.9799111768055221,0.9941519114633974
6.3,-1.06788725166725,1.0806365378845346
6.305,-1.1468220494589048,1.1452571621919427
6.3100000000000005,-1.2130732327911464,1.1953648066054698
6.315,-1.2583933561557437,1.2319198428010552
6.32,-1.278718722795392,1.2451046373907992
6.325,-1.275514194538477,1.245740171740186
6.33,-1.258469248008364,1.2164259162322504
6.335,-1.2213447240968172,1.1650111248678765
6.34,-1.1546264839527043,1.0947311364595549
6.345,-1.0776757148118126,1.015410660292068
6.3500000000000005,-0.9756225476231829,0.9216065605964382
6.355,-0.8658344929598709,0.8052970657624644
6.36,-0.745432728028986,0.6912676039590324
6.365,-0.6074816920754117,0.5569515453430159
6.37,-0.4613105611656298,0.40394558775821326
6.375,-0.31154743249997313,0.24549421888972087
6.38,-0.15612160412740797,0.09176950676918136
6.385,0.004767844289714266,-0.06470733442331948
6.390000000000001,0.16874342889156468,-0.21433160651315605
6.3950000000000005,0.32265307182719494,-0.3681991650330602
6.4,0.47405538627654054,-0.5080444492154924
6.405,0.6185193529724978,-0.647294087483494
6.41,0.7464349364096882,-0.7704275386179108
6.415,0.8738642502895442,-0.8830953343748186
6.42,0.9848572169593754,-0.9912257009278663
6.425,1.0801712458028998,-1.0772031793355594
6.43,1.156165553984229,-1.1475421200659082
6.4350000000000005,1.215272676536353,-1.1970860035374782
6.44,1.2491207363174317,-1.225621387825317
6.445,1.2669291260143185,-1.2383579046606905
6.45,1.2673901898019129,-1.2297631916394032
6.455,1.2476811508547367,-1.2008148764800095
6.46,1.209519186128892,-1.1628438154368823
6.465,1.1515877676990343,-1.092381634540303
6.47,1.0758756609792093,-1.006847013919527
6.4750000000000005,0.9798530262854774,-0.9104791832759308
6.48,0.8691374378980464,-0.7939782724840152
6.485,0.7467264306613375,-0.6706367926825187
6.49,0.6153831795439226,-0.5359424119613189
6.495,0.46278945723950965,-0.39232522972996314
6.5,0.3144082756434893,-0.23811909551662858
6.505,0.15037118946229022,-0.07931087760290634
6.51,-0.007250130542072032,0.07567112451668713
6.515000000000001,-0.17085239579776965,0.2303834827697601
6.5200000000000005,-0.3227772975624098,0.3798744788083298
6.525,-0.4692625508832821,0.5249171380801335
6.53,-0.6115043089130888,0.6568567766405685
6.535,-0.7430017044306573,0.7829900654916103
6.54,-0.866135787459119,0.9010481135895396
6.545,-0.971195095471667,0.9950711291576804
6.55,-1.0633948241419904,1.0785283648270954
6.555,-1.1365237872898695,1.1408431500806109
6.5600000000000005,-1.1981705068765784,1.187940544298817
6.565,-1.237272993432263,1.2104532000464294
6.57,-1.259874131716355,1.226284662692138
6.575,-1.257418333483067,1.2256740344773214
6.58,-1.2384954621745448,1.2013441316688498
6.585,-1.2026331569300268,1.157962666654206
6.59,-1.1421630724814995,1.0958767722429787
6.595,-1.0635954769886953,1.0114149544197135
6.6000000000000005,-0.9726235419247875,0.9064657182941845
6.605,-0.8634231873164843,0.8002298361994437
6.61,-0.7424363191764695,0.6792289871609111
6.615,-0.6058786340447254,0.5445302255044446
6.62,-0.45915972812071965,0.40080200450829173
6.625,-0.30170095690079024,0.2498330254094895
6.63,-0.14801372320649436,0.08227206275550372
6.635,0.010406775556045775,-0.07469507377677004
6.640000000000001,0.17520709457237874,-0.23041773320894382
6.6450000000000005,0.3287723035330998,-0.38496228075755046
6.65,0.4828019551804548,-0.5342019543472923
6.655,0.6268122672894396,-0.6718220263580246
6.66,0.7639920115963483,-0.7976840056698018
6.665,0.8803974769369475,-0.9151534544446801
6.67,0.9882507440851087,-1.0175009229102028
6.675,1.0797598650943592,-1.0989612049385191
6.68,1.1471150222774895,-1.1651710578523942
6.6850000000000005,1.2057059804945343,-1.2124089006893155
6.69,1.2430329306168493,-1.2465511490549712
6.695,1.257629568286243,-1.2529377282652852
6.7,1.2516911501799846,-1.2440607436594089
6.705,1.2292921052952266,-1.2135941344771508
6.71,1.1845252966679418,-1.1649093166406956
6.715,1.129287962478376,-1.100300074550298
6.72,1.0504950926095353,-1.016327880671148
6.7250000000000005,0.9512151195179727,-0.9162355621737118
6.73,0.8378072877211623,-0.806553908949509
6.735,0.7119110916117968,-0.6790585276534806
6.74,0.5719785727937418,-0.542165328275859
6.745,0.4310300466523557,-0.3959893645632479
6.75,0.2825514360319752,-0.2456391777909013
6.755,0.13156193316617087,-0.09041416225310948
6.76,-0.025366881009179266,0.06944326795279661
6.765000000000001,-0.18246004147859168,0.23780856397645503
6.7700000000000005,-0.33503562406397175,0.39352924690958035
6.775,-0.48189886946664884,0.5354599413655342
6.78,-0.6217464851771061,0.6764644812049002
6.785,-0.7539438880435811,0.8080085170468139
6.79,-0.8776290519099789,0.9138304175409341
6.795,-0.9861259376017764,1.0133852188445818
6.8,-1.0824961838000529,1.1001599246092546
6.805,-1.1510890288736155,1.1638180777042118
6.8100000000000005,-1.205434041951375,1.2168103085069137
6.815,-1.2387929278191732,1.2456457702198038
6.82,-1.2559002784865896,1.258985451973886
6.825,-1.2437090806870421,1.254236906099821
6.83,-1.2191848600206439,1.2286035349420015
6.835,-1.1731002001100614,1.1810053758663523
6.84,-1.108794247362912,1.1213067257575038
6.845,-1.0311075051346603,1.0340013124222363
6.8500000000000005,-0.9337235222241962,0.9381237941102428
6.855,-0.8243448201616121,0.8226157114909866
6.86,-0.7024654906432474,0.6918147920013356
6.865,-0.5678741401574086,0.54940767089142
6.87,-0.4221963904038252,0.4104491717322228
6.875,-0.2686160387141045,0.25267853789194783
6.88,-0.11517659385974394,0.09877970530444447
6.885,0.04685302347072739,-0.06678328318289185
6.890000000000001,0.1983812460184078,-0.22470274888844338
6.8950000000000005,0.3560820786007945,-0.3876831476692723
6.9,0.5030731712562742,-0.5285945594564377
6.905,0.6433296009863434,-0.6651957558401527
6.91,0.7719488553309768,-0.7997809756068794
6.915,0.8878768995114318,-0.9153321951863442
6.92,0.9930546468902368,-1.0177759416684524
6.925,1.0838928575454119,-1.1075523998247314
6.93,1.149872036137928,-1.1745066845645173
6.9350000000000005,1.2054621692277483,-1.2257771209220412
6.94,1.241598924499763,-1.2545210556845856
6.945,1.254000041246089,-1.2646378868288768
6.95,1.2525762399053666,-1.2570295385032506
6.955,1.229944203024637,-1.2281525539987284
6.96,1.1827259618475414,-1.1856553644265886
6.965,1.116384247404882,-1.1193393019703393
6.97,1.0368300546503084,-1.032901251007863
6.9750000000000005,0.9401392714390306,-0.9311723997823028
6.98,0.8248737103246666,-0.8143644485645665
6.985,0.7053085174725375,-0.6894682956096756
6.99,0.5678140514912879,-0.5548247760117417
6.995,0.41713520329116843,-0.40613828589022827
7.0,0.26312637273383255,-0.25042569665527853
7.005,0.10254356889734523,-0.0962725174659053
7.01,-0.0590867762225041,0.06904928097030949
7.015000000000001,-0.21105389725587553,0.22538332462733102
7.0200000000000005,-0.3629947989314303,0.3886614258901312
7.025,-0.5166926724851251,0.5379547112827041
7.03,-0.6572848285237863,0.6857088876968503
7.035,-0.7878156019618491,0.8165319257601253
7.04,-0.9030064136685199,0.9329502194950825
7.045,-1.0017063875592267,1.0358414493822603
7.05,-1.0861627959096694,1.117105505290668
7.055,-1.156430147982902,1.1853418148491184
7.0600000000000005,-1.2040370581236974,1.2341938373257841
7.065,-1.2294342199421928,1.2610356767322664
7.07,-1.2378828524426508,1.269504550529591
7.075,-1.2260526570762071,1.25826546505214
7.08,-1.1981738477576207,1.2290594575648797
7.085,-1.1474543990078478,1.1813796591476147
7.09,-1.0820141929262004,1.1119090287962254
7.095,-0.9974575799738146,1.0219144646827938
7.1000000000000005,-0.903188863690128,0.9162436405098745
7.105,-0.7881631487827273,0.7957610973447751
7.11,-0.6632190427980006,0.660605467039997
7.115,-0.5333275413128334,0.5201234434152334
7.12,-0.38701084088526744,0.37536582954988573
7.125,-0.2343677597658736,0.21529838322683248
7.13,-0.07795330533204096,0.05560466442174482
7.135,0.07517022844648649,-0.10189532323749852
7.140000000000001,0.23240727617487913,-0.25987354425099285
7.1450000000000005,0.3861677183368243,-0.4130265436109555
7.15,0.530394999537967,-0.5646586874677191
7.155,0.6643632208033253,-0.6971900220320513
7.16,0.7894856347422475,-0.825030097631979
7.165,0.9015534753205126,-0.9366468794927236
7.17,1.0050978672074795,-1.0337564345208925
7.175,1.0806362376765852,-1.1138203688504364
7.18,1.1472466362141707,-1.1720322686130213
7.1850000000000005,1.2004206923595628,-1.2181320165474026
7.19,1.2329651215168094,-1.2471275228541316
7.195,1.2477762275846358,-1.249017584546289
7.2,1.243406625706337,-1.2319510518318058
7.205,1.2148435131196176,-1.2006777936541453
7.21,1.1648461086425725,-1.146805097588962
7.215,1.1027611630234946,-1.0776877918693062
7.22,1.0143983017595686,-0.9967262924616497
7.2250000000000005,0.9145180088460816,-0.8906635197929543
7.23,0.8022807073942253,-0.7778228311778683
7.235,0.6740275561601468,-0.6444640581825775
7.24,0.531165783264937,-0.5005297538861025
7.245,0.38698730597516573,-0.35624278882626326
7.25,0.23554881384977516,-0.20710280120321842
7.255,0.07806465414871651,-0.046459344654160205
7.26,-0.08207070841132101,0.10771833074894632
7.265000000000001,-0.2376479233209962,0.2605713665222446
7.2700000000000005,-0.39496525083086875,0.411160205154227
7.275,-0.5431106602342245,0.5544137187924566
7.28,-0.6792637083824263,0.6935921389675425
7.285,-0.8101395485306598,0.818647401560266
7.29,-0.9277085871443049,0.9346059681107692
7.295,-1.0263701342062626,1.028554570251151
7.3,-1.1079570959342981,1.1092769624660188
7.305,-1.1777007832037643,1.1727576476736374
7.3100000000000005,-1.2240872704388772,1.2213213637901301
7.315,-1.2530023502025467,1.247715154950006
7.32,-1.2589468118131486,1.2534568396070436
7.325,-1.2509730550827771,1.2386297634002883
7.33,-1.2250658069649418,1.2012294099303527
7.335,-1.1804101717967368,1.1458563792417682
7.34,-1.1130220476471542,1.0715366496695715
7.345,-1.0269189657217437,0.9863779636489631
7.3500000000000005,-0.9175235413717976,0.8801860381205919
7.355,-0.8105322065222046,0.7582028183123314
7.36,-0.6798415432721123,0.6288719361662791
7.365,-0.5445843132561428,0.4911358494239355
7.37,-0.39686933226241394,0.3396820679001539
7.375,-0.24904385659331313,0.1826107125089847
7.38,-0.08672700642143381,0.020644650856331923
7.385,0.06681904449495084,-0.14389699590260568
7.390000000000001,0.22635361807631563,-0.2950988093991413
7.3950000000000005,0.3800482845586214,-0.4399965159801009
7.4,0.5267275063610635,-0.5878665240458544
7.405,0.6652229047549424,-0.7208371663293096
7.41,0.7907275887930072,-0.8485241540782257
7.415,0.9087926895135268,-0.9536366864801362
7.42,1.0102041348571054,-1.0442521019257496
7.425,1.0986538394766983,-1.1240090442177828
7.43,1.1741592998680503,-1.1854215045053555
7.4350000000000005,1.226478273385665,-1.2280562699285757
7.44,1.2619253138003712,-1.2509745598601405
7.445,1.2733868142788267,-1.2489415807286346
7.45,1.2680557980260019,-1.2335450692947458
7.455,1.2409424388622543,-1.2010736100850457
7.46,1.1965898831072312,-1.1423642813129027
7.465,1.131773806554444,-1.0685116574073246
7.47,1.052796740607446,-0.9756423721121606
7.4750000000000005,0.9477331081072252,-0.8639687628797266
7.48,0.8312977864519665,-0.7515161879499279
7.485,0.7046485803043435,-0.6157214978739158
7.49,0.5634710635980149,-0.46991445256362563
7.495,0.4152114445217043,-0.32401273904424505
7.5,0.2563241896354866,-0.1670106937742696
7.505,0.09478948255007293,-0.011715750962547823
7.51,-0.07424224106566717,0.15508834122955464
7.515000000000001,-0.23535406097057343,0.30485175196836944
7.5200000000000005,-0.3901513344764526,0.45195723312410946
7.525,-0.5418452663997063,0.5922285610738726
7.53,-0.6881096304134215,0.7249551426504003
7.535,-0.8166697004508464,0.8460608013930963
7.54,-0.9311014795297827,0.9514777490896956
7.545,-1.0289270374955444,1.0485755819510232
7.55,-1.1218847180332494,1.1224513875641888
7.555,-1.1997473966618972,1.1780798753994925
7.5600000000000005,-1.2522172746491822,1.218447332950652
7.565,-1.2866013837454706,1.243702327769878
7.57,-1.2999950961218625,1.2422514483899743
7.575,-1.29343058526712,1.2229304106586802
7.58,-1.2698020853666117,1.1869527545560414
7.585,-1.2203528211753796,1.1270863052339242
7.59,-1.153086395326441,1.0505841120215829
7.595,-1.0665771973467126,0.9534772490231911
7.6000000000000005,-0.9668553669661791,0.8479313866654843
7.605,-0.8523923308843486,0.7304941272323063
7.61,-0.7205245513056792,0.5963709829373306
7.615,-0.5767427925992764,0.45936773873334213
7.62,-0.42512089362420263,0.31182741776204587
7.625,-0.2642584338323238,0.15915107056679506
7.63,-0.09350214881688385,-0.005597057200050037
7.635,0.06772524185176196,-0.16780225642922594
7.640000000000001,0.23082738107293657,-0.318545675468247
7.6450000000000005,0.3924552687167574,-0.4671945388180463
7.65,0.5480664192487866,-0.6162473097510797
7.655,0.6954985703267802,-0.7463911536588356
7.66,0.8321733399317373,-0.8634988264856424
7.665,0.9559195455223222,-0.9683704848119237
7.67,1.0564002201509062,-1.0604640277508535
7.675,1.1390985896874515,-1.1328832394904407
7.68,1.2129582904824388,-1.1919725268012422
7.6850000000000005,1.2682214343440519,-1.231304638667145
7.69,1.299009886966382,-1.250381614270556
7.695,1.3110263318757431,-1.2534792111331778
7.7,1.2981377466909667,-1.2332157610521808
7.705,1.2694204674634533,-1.1936933502671565
7.71,1.2216759319347335,-1.139015161888701
7.715,1.1479235204984712,-1.0671134080171512
7.72,1.060484147826542,-0.9723974282226884
7.7250000000000005,0.952268868567436,-0.8670507687195661
7.73,0.8293755587230175,-0.7453116604196386
7.735,0.6925401747100018,-0.608506812363391
7.74,0.5463195180582202,-0.4616936853337221
7.745,0.39693151317662445,-0.30447581383757605
7.75,0.24158026431225885,-0.14700200433717903
7.755,0.07690669819236798,0.00937153293368185
7.76,-0.08509662890057167,0.17210556794154103
7.765000000000001,-0.2494119244142519,0.32626329672417553
7.7700000000000005,-0.4081288006949851,0.47570858313711833
7.775,-0.5576222870631172,0.6137469914449111
7.78,-0.7019945365320416,0.7481312238362984
7.785,-0.8300225598277186,0.8730246371280463
7.79,-0.9494254537658016,0.9774465680043062
7.795,-1.0534825338987377,1.0690522488141108
7.8,-1.133906624657398,1.148351379186375
7.805000000000001,-1.1973132591842603,1.2061525994287128
7.8100000000000005,-1.239428239425394,1.2463741810869293
7.815,-1.270114209962521,1.26447014318633
7.82,-1.2791753105746413,1.2601211586252266
7.825,-1.27088033207173,1.2367855849637943
7.83,-1.2404960948548385,1.1866347933666448
7.835,-1.190594917373529,1.1209657382158136
7.84,-1.1180879378568767,1.038719521741674
7.845,-1.0298804383232596,0.9391322807965289
7.8500000000000005,-0.9307143637261215,0.8286067049061703
7.855,-0.8059120344918116,0.7027272054809396
7.86,-0.6713581965329397,0.5656098637587553
7.865,-0.5196511586513738,0.42143625090730114
7.87,-0.3729586120105645,0.27047536532321836
7.875,-0.21994214411276022,0.11152637816913033
7.88,-0.0657276693112723,-0.04145446472860273
7.885,0.09492184506721917,-0.19368265438122007
7.890000000000001,0.2583571590189394,-0.3408769940936618
7.8950000000000005,0.4080229870332936,-0.4876663367979177
7.9,0.5564463996578114,-0.6254795194445091
7.905,0.6968394723979086,-0.7549630122044637
7.91,0.8292226497218331,-0.8719910429486096
7.915,0.9392811080684165,-0.9731720546671428
7.92,1.0387876991202156,-1.0625599082670236
7.925,1.1242255055512347,-1.1391351941893282
7.930000000000001,1.1898461070555115,-1.1953369626400263
7.9350000000000005,1.239602362122609,-1.2313565625002811
7.94,1.2629563977385347,-1.2510506338888348
7.945,1.2673832944717527,-1.2475975663859165
7.95,1.2573084286122542,-1.2301485003529877
7.955,1.2162622381690067,-1.18354033032765
7.96,1.1682347622849283,-1.1225430178642122
7.965,1.101205862635299,-1.0439388891569763
7.97,1.0082065845111707,-0.9432253738411882
7.9750000000000005,0.9036285089610863,-0.8320185854120307
7.98,0.790656894567594,-0.7106172199830261
7.985,0.6596612990740974,-0.5760646933439388
7.99,0.5227181751202122,-0.43494853148724477
7.995,0.3755966381987574,-0.2848270071063789
